sample	ImmuneClass	Exhaused_T_Cell	Interferon_gamma	Antigen_presenting_cells	Inflammatory	Gajewski_13_gene_inflammatory	Cytolytic_score	MVI_6_gene
TCGA-2V-A95S-01A	0.6661627103822704	0.9342385305377529	0.9599746966472879	0.7924788683802452	0.9736070381231722	0.8740992989284477	0.9776346806186437	-0.1561501523017002
TCGA-2Y-A9GS-01A	0.06645579749454472	-0.12904105236991043	0.36197742942204025	0.38991432350070465	-0.09419761882670125	0.19331602580013582	-0.538722474558702	0.1367262400557772
TCGA-2Y-A9GT-01A	0.5615017743438838	0.7954620231860844	0.8214963482661014	0.7083548962106938	0.8878155367718995	0.8416252710807739	0.8122233082274525	0.4277326835210038
TCGA-2Y-A9GU-01A	-0.4913500930213447	-0.22948637236173286	-0.36026660778329694	-0.30751538151907887	-0.4311201948576008	-0.44429036003785205	-0.2216983844073721	0.41938398641271446
TCGA-2Y-A9GV-01A	0.18041333351819688	0.300255411296407	-0.03444706423608562	0.4709737065921027	-0.1805568248144101	0.37403116684053306	0.31193411088500084	0.11796399597016924
TCGA-2Y-A9GW-01A	0.6746807857942063	0.33054692116369233	0.6110571652827848	0.8962439985108202	0.05139412664911597	0.4577747463660305	-0.5460389936991966	0.3924579926684424
TCGA-2Y-A9GX-01A	0.7405513303899051	0.7563869599328796	0.5448846972222786	0.46018055315969053	0.5549061885144052	0.572063634480617	0.45575806358879767	0.10935994421162679
TCGA-2Y-A9GY-01A	0.34074618826668424	0.7863738851052233	0.6623152567714147	0.799053198243558	0.7271973012199254	0.6591876654009671	0.9146783188639234	-0.36993964799556744
TCGA-2Y-A9GZ-01A	-0.5625942626614121	-0.6020153242757782	-0.6710150751204981	-0.6934046345805573	-0.7905254788675427	-0.7499863165311875	-0.5060516721133486	0.4807507438640106
TCGA-2Y-A9H0-01A	-0.1440587502959321	0.5912358387485313	0.5220406018592285	0.4693807141625118	0.688977057098536	0.45876523521202506	0.6297361007302291	0.6019538403802683
TCGA-2Y-A9H1-01A	0.004275676526056954	0.4319057692729615	0.3724757932901579	0.665574147547633	0.3770122440802348	0.4842283086379773	0.6257689875237293	-0.1725847922950546
TCGA-2Y-A9H2-01A	0.2614246474214942	0.4168019287421618	0.10407457551461902	0.24958616041436843	0.2987603096986738	0.3110940664844009	-0.35888000919903473	0.36408298181412885
TCGA-2Y-A9H3-01A	0.47774368362865816	0.6041175455747649	0.47281275758959374	0.7952389166810565	0.48835723839244416	0.5400641094589465	0.7701374116023829	-0.5168424215154528
TCGA-2Y-A9H4-01A	-0.2933772574508579	0.3207295435160711	0.030933937997391497	0.5714217507084559	-0.2295300880896629	0.42227791295874967	0.46380727879031136	0.2272963963233573
TCGA-2Y-A9H5-01A	0.43912396995361286	-0.3284480383235885	-0.32211574813576793	-0.7587212921053147	-0.6011271851893093	-0.2786961841968193	-0.4467889380784247	-0.024602060874339166
TCGA-2Y-A9H6-01A	0.5559716198083582	-0.16280407153952564	-0.3867514958211607	0.47003463028226855	-0.4981570429213602	-0.1619101995096948	0.1390433038242147	-0.5795420879901254
TCGA-2Y-A9H7-01A	-0.4356262453486579	-0.21818608046901736	-0.06700150534864507	-0.25969538491104727	-0.35828868117566803	-0.5392373059894027	-0.2563675041682324	-0.42357425980827607
TCGA-2Y-A9H8-01A	0.26760343227378475	0.46827125335425324	0.5932957712705701	0.4847334828359746	0.6240274315420976	0.4305280462754605	0.5828206749841851	-0.2706047713007752
TCGA-2Y-A9H9-01A	-0.35276620484729077	-0.25343028822397784	0.12951103145709886	0.5674691709449046	0.07227876487833784	0.29749991754163135	0.24090151210265903	0.46512335711615993
TCGA-2Y-A9HA-01A	-0.5978526864502379	-0.5849535841250542	0.1632375230186559	-0.6941521476621468	-0.8668451415937579	-0.40391213254357117	-0.3992985683894366	0.24145060431583276
TCGA-2Y-A9HB-01A	0.4523836509139495	0.7454365062032984	0.7009603772498749	0.6527181859872849	0.8220343856018718	0.48797104344343156	0.7599609038118915	0.4452179771152895
TCGA-3K-AAZ8-01A	-0.11573487146079481	-0.03755247570303166	0.7142027857045933	0.35736479371332963	0.45364206044081734	0.5848114901158517	0.2973610073018551	-0.2658496752651507
TCGA-4R-AA8I-01A	-0.283851028086272	-0.35448967190288133	0.5175741363340189	0.2962807262512783	-0.04596825575719174	0.22159522429453235	-0.001552348645881052	7.465176893945435e-4
TCGA-5C-A9VG-01A	0.0053131803976431	-0.3989286396613587	-0.8212663177876869	-0.5131387831332469	-0.7755735725369998	-0.6810175259010701	-0.8302765480367388	-0.29060043386094436
TCGA-5C-A9VH-01A	0.11812373846274006	-0.559574708552903	-0.5482185417350426	-0.28512131728049706	-0.5265942153984886	-0.6833243204323934	-0.4249985626401157	-0.4042791742830305
TCGA-5C-AAPD-01A	0.5785194479429598	0.704010742353482	0.7591624514836371	0.6899545742051442	0.6847219826347853	0.6858423442704886	0.6212269303742959	-0.1021852647677143
TCGA-5R-AA1C-01A	-0.44382596181170597	-0.22400393843014982	0.5998044740927584	0.11781956184228662	0.08507119592075102	0.029452692292486038	0.251652963836107	0.5158275958151137
TCGA-5R-AA1D-01A	0.551439456705096	0.04531600437059621	-0.566003672148049	0.3611685373013529	-0.3475805832476049	-0.3235608327754532	0.36169723451965713	-0.09931565932486913
TCGA-5R-AAAM-01A	0.6241881632852435	0.529914640842252	0.12154734094610242	0.6384089087953372	0.2685922636146373	0.30843604233805033	0.5424021157937613	-0.14913702910089727
TCGA-BC-4072-01B	0.585852066848134	0.6523377462413573	0.8428891828167011	0.5613389939344715	0.7939163935368921	0.7633521300754872	0.8122233082274637	0.010085739135460098
TCGA-BC-4073-01B	0.5698235881988163	0.7473837438960694	0.7827937201678683	0.5823701914785051	0.8191018342821135	0.6742518807482213	0.7227620307020336	-0.027488642245120543
TCGA-BC-A10Q-01A	0.12786509639025923	-0.025554045063967967	-0.45499015447219704	-0.06877120349611715	-0.5170222661045973	-0.37580909218804837	-0.4273558328061709	0.17772679905650707
TCGA-BC-A10R-01A	-0.013750273209676311	-0.7202673255243184	-0.6108262341162896	-0.4826059456039983	-0.8005905500382585	-0.5375607365719444	-0.8970850342094296	-0.4842875544159687
TCGA-BC-A10S-01A	0.5993554522547256	0.4647782484552996	-0.23148677173786142	0.7425639722414236	-0.6332493812079584	0.46611403906256227	0.8060714080377445	-0.5411961826580753
TCGA-BC-A10T-01A	0.33089313595580155	0.14944636859709992	0.04186554718501373	0.39089184060720417	0.24800184003216236	0.05056194265791164	-0.016328407980149895	0.17399322292139188
TCGA-BC-A10U-01A	-0.5671695955456468	-0.714819713612601	-0.7611133475190847	-0.6395261917079107	-0.7321603128049596	-0.4852454406306609	-0.6084056804461767	-0.12038240636131889
TCGA-BC-A10W-01A	-0.08090358720652424	-0.17775605267723843	-0.1737681362660265	-0.3963585504491888	-0.3931035575394194	0.022174493640568088	-0.5904674294256517	-0.05246497732114283
TCGA-BC-A10X-01A	0.4984359533076479	0.47420783253768856	-0.2065098625569943	0.5080084426496819	0.4225748950606514	0.25537453209208427	0.33668717300066336	0.1967407374853489
TCGA-BC-A10Y-01A	-0.3055994828288713	0.5691529127609213	0.6108459370865913	0.4280972271342539	0.4280949916623259	0.5061258446774828	0.43597999195082815	0.33648882748012454
TCGA-BC-A10Z-01A	-0.771331163664602	-0.6703088159186121	-0.7650634173316267	-0.9341613478228079	-0.6702317290548239	-0.7374824605834671	-0.9619962053702762	0.6670517407812815
TCGA-BC-A110-01A	0.652316946109393	0.6435332389081397	0.4740716093118401	0.632281064918712	0.6248157384154062	0.6334246377009005	0.4897947450123446	-0.29377106504765294
TCGA-BC-A112-01A	0.052648638137642506	-0.5430494793603073	-0.4204094777682935	0.14219998849975457	-0.5909378414119371	-0.36025003554452456	-0.8077962398668266	-0.07734280623887019
TCGA-BC-A216-01A	0.09878600189238407	0.4284271711443539	0.45859143885235043	-0.5460936549994809	0.643619157396132	0.42795522516050677	0.9034094175817956	0.39259633089813917
TCGA-BC-A217-01A	-0.2178577340228886	0.21026626725686653	0.4590647947615001	0.35069863722616534	0.35472370766485184	0.4294054083371741	0.5263619913920481	-0.3876978659721848
TCGA-BC-A3KF-01A	-0.5493611912030433	-0.029908549118409344	-0.2894670011300121	-0.5649492976106647	-0.6860705579735964	-0.48664031969001653	-0.6023404292407473	0.3025477158295482
TCGA-BC-A3KG-01A	-0.5078751384982565	-0.2354783278171557	-0.48888219195024174	-0.7172675521817078	-0.25174800501559924	-0.5582177426529638	-0.6113077132890585	0.232112899509179
TCGA-BC-A5W4-01A	-0.6718151502584292	-0.5912945748859123	-0.2944967841461949	-0.509801655841626	-0.5575934361894659	-0.6164353239388405	-0.6640027597309615	-0.012215134465287436
TCGA-BC-A69H-01A	0.21015569431087233	0.215623602789957	-0.09431907748314566	0.47921338623429366	-0.0033925593698341805	0.27427480596010956	0.03225435520045228	-0.3909323510794437
TCGA-BC-A69I-01A	0.010744372376941841	-0.08131577434013271	-0.4276348931730845	0.115294821362554	-0.45923793833172055	-0.2015316205559529	0.4163020979164609	0.24917505103296797
TCGA-BC-A8YO-01A	0.10181436246204138	0.6766922631881371	0.8758985565587181	0.4809959174286065	0.8168017940314221	0.6401039114835976	0.7286839533145739	-0.053196531045804574
TCGA-BD-A2L6-01A	0.012753231133824997	-0.10983841006305078	-0.04290068434069769	-0.1290348305963714	-0.20906387995555237	-0.36736452787159757	0.505260737078166	0.6486360930082025
TCGA-BD-A3EP-01A	0.6744873714771467	0.32740762727467765	0.3180817604268202	0.21154620205849572	-0.09160314929793781	0.6353687324533308	0.5476916000689784	-0.588167000658693
TCGA-BD-A3ER-01A	0.5286746261651937	0.2652642573916866	-0.37780458567196207	0.42254160544515174	-0.07335159165972582	0.18598704700257618	-0.803139193928777	-0.3684925523392677
TCGA-BW-A5NO-01A	-0.08104213317610828	0.2780922767169181	0.1936088479213648	-0.06785118739583451	-0.04841584727737791	0.1898946577676918	0.5453058583769765	0.13544253987961416
TCGA-BW-A5NP-01A	-0.41769305333695156	-0.5283103566753572	-0.16516188394965098	-0.763892555860735	-0.5623699245125725	-0.6592915388540734	-0.683033404243151	-0.20888030785028164
TCGA-BW-A5NQ-01A	0.4068907147985683	0.6444702073237117	0.7616884237160452	0.5934809831394151	0.8028865505146692	0.731267138122317	0.8287816937848822	0.09626775547761723
TCGA-CC-5258-01A	0.2367826591094247	0.4528198548266277	0.34550577951572053	-0.32808626905217697	0.21229371513997464	0.031239212978895897	-0.1110216753864312	0.2305327389937303
TCGA-CC-5259-01A	-0.23114064280678945	0.2678160764635291	0.22704848117993692	-0.07512934948028532	0.12978200643977236	0.1979058796455655	0.38590237451851617	-0.4084035399872406
TCGA-CC-5260-01A	0.4661936403511822	0.3299664730255023	-0.031226637529554846	0.22705861618952694	0.1512851474900374	0.03148325540684521	0.10004024607616024	-0.12684758961276832
TCGA-CC-5261-01A	0.6100409670149823	0.1749525354704169	-0.17114267640479286	-0.16070556863267862	-0.024725432695122174	0.15892636111819483	0.10969930431797037	0.27344640162030115
TCGA-CC-5262-01A	0.6552223182877468	0.6135128548333886	0.4079731084306353	0.5881777931113736	0.5233795569451977	0.5378181926080555	0.5482665440119847	-0.0884467191903911
TCGA-CC-5263-01A	-0.08776599937528871	0.18944129444910202	-0.17764335972919287	-0.3129113800203941	0.22783041708395632	-0.10787021056272844	-0.8713275455645185	0.3040081935220799
TCGA-CC-5264-01A	-0.25315580744212024	-0.3320326954792479	-0.43097820050746266	-0.5099921188624525	-0.6165974317691257	-0.2947512653296883	-0.5080204680044083	0.4643086987067841
TCGA-CC-A123-01A	-0.14895189365599948	-0.22924062974358841	-0.7363992868416731	-0.39112551690191266	-0.4345297476040995	-0.3929758364929107	-0.3947351735592515	-0.09022706401162095
TCGA-CC-A1HT-01A	0.5776369640222607	0.7773880039104765	0.8689976421875492	0.8369271462251046	0.8103041803231568	0.8131897693789986	0.7432875294658734	0.002809829201651848
TCGA-CC-A3M9-01A	0.6173147552219715	0.9051124273966074	0.7869917764103355	0.85383244206776	0.8094416652292605	0.7811959078668691	0.8909906284137393	0.21444358260847404
TCGA-CC-A3MA-01A	0.008106289112726775	-0.4545210806725529	-0.12173695142451443	-0.10598113232720069	-0.13178169208082613	-0.4349920086140572	-0.63128844937624	-0.4215416553989319
TCGA-CC-A3MB-01A	-0.33122746350911814	-0.4935843818066896	-0.3971921832326047	-0.3316251351422225	-0.5789807544013371	-0.4713989363279579	-0.3702638992696644	-0.019014775895383973
TCGA-CC-A3MC-01A	0.03483189614446325	-0.3729973834600147	-0.5890778863499395	0.03881317923059688	-0.6326292260939388	0.01818402965484761	-0.7636405450469785	0.06534792809038142
TCGA-CC-A5UC-01A	0.4694411826495639	0.0762386560314488	-0.20612822933260028	-0.31410964947466136	-0.4289736514945377	-0.0250034037844426	-0.2744633626198626	0.3769102373037395
TCGA-CC-A5UD-01A	-0.49959734581539095	-0.48578032013347827	0.3399674638353924	-0.2344822284389272	-0.4621368801972077	-0.3581398991726663	-0.07549013971120183	-0.40112196420517315
TCGA-CC-A5UE-01A	-0.5156461282543713	-0.37663287897126635	-0.4251504334952819	-0.5075228400971475	-0.6487521484682373	-0.4234029100671429	-0.5407347783591574	-0.24408548469810543
TCGA-CC-A7IE-01A	0.526400648460122	0.7455421072607824	0.5418416313636233	0.024755922678793146	0.739794098846725	0.502525014468613	0.6295636175473174	-0.39395740337149654
TCGA-CC-A7IF-01A	-0.4624585691240378	-0.4557979660540922	-0.6292452006140323	-0.6613765740895998	-0.6191493173717297	-0.7048411737790014	-0.5603978612085599	-0.16775290020854636
TCGA-CC-A7IG-01A	-0.14955219364175537	-0.4316963245419027	-0.5923626803821854	-0.14363751365654914	-0.7315302466548247	-0.43422101597363144	-0.6677398953602571	-0.05516680651810485
TCGA-CC-A7IH-01A	-0.596457068148963	-0.6058818989931699	-0.6780969350134359	-0.4931286297507251	-0.6643091254092119	-0.6668458279717678	-0.6245041108492101	0.49704882269129114
TCGA-CC-A7II-01A	-0.21392023460934573	0.02079011550704346	-0.5978027484387398	-0.527359806329287	0.38974389618243904	-0.5945323020875535	-0.6614730063819998	-0.40821033128527473
TCGA-CC-A7IJ-01A	0.5467282336509867	0.8069469204668883	0.545402265800143	0.7320144514446736	0.697958405739176	0.5622483028419952	0.6062783878572287	0.2819159832861766
TCGA-CC-A7IK-01A	-0.6480650763348208	-0.5593766174022367	-0.02628098223012601	-0.739520441607189	-0.26978420998515235	-0.4858348840961165	-0.5511720002706794	0.1774110069584251
TCGA-CC-A7IL-01A	-0.7123599712279153	-0.540130311367699	-0.36386011581817157	-0.7659825065632113	-0.32065531561218646	-0.6785755379129174	-0.7314436842408775	0.22928015573449068
TCGA-CC-A8HS-01A	-0.36474672580628065	-0.6145308250004434	-0.4036887020823802	-0.821229371513361	-0.49679758199457447	-0.6170358550241924	-0.5138274018282969	-0.2357327422042675
TCGA-CC-A8HT-01A	-0.27771612833228776	-0.19771119673365745	0.40297357133843864	-0.5230577459580352	0.050485883502912	0.385612348147533	-0.07583510607699578	0.11413961917459528
TCGA-CC-A8HU-01A	-0.5025283133201077	-0.5038311884222673	-0.6716889987928655	-0.8741877982857753	-0.7163391164331536	-0.7407418720325387	-0.8352210659462718	0.0825684438639322
TCGA-CC-A8HV-01A	-0.44018799451635154	-0.6035077852683653	-0.8143279237934602	-0.9016157782754081	-0.4617442689484073	-0.6814890799949409	-0.6380727879032667	-0.46621558878899777
TCGA-CC-A9FS-01A	-0.41753194659754606	-0.3447164562849645	0.1154177928575695	-0.3595717367857802	-0.57318382644845145	-0.09622608047072018	-0.15169904847010707	-0.18939337512852247
TCGA-CC-A9FU-01A	-0.4593605958499569	-0.17998636568911927	-0.049916613951370314	-0.6103377345673455	-0.09194410902196298	-0.5248561539780243	-0.005519461852270868	-0.32614304581583925
TCGA-CC-A9FV-01A	0.5259718420906094	0.5688653746621103	-0.01811490022426146	0.6503636693320388	0.29457873281184854	0.5073353431119306	0.6783188639107749	-0.22657329210013955
TCGA-CC-A9FW-01A	-0.15035931395851435	-0.04462125366917363	-0.04258253567638223	-0.471411439897912	-0.03484560979822149	-0.32360261909881727	-0.10895187719183486	-0.1259875257107861
TCGA-DD-A113-01A	-0.05239594903513076	0.268560849678649	0.4947776599751035	-0.04680581910187906	0.47613285664809335	-0.13278854169223467	-0.29730351290738805	0.2795099627472659
TCGA-DD-A114-01A	0.6487284696025978	0.6762509340939646	0.7883719592845285	0.7314703007302668	0.744983037203253	0.6214239120174938	0.5123900419709527	0.44442070815762436
TCGA-DD-A115-01A	0.26840904272697086	-0.018636642083938948	0.07332221519352977	0.6235738145581005	0.28855406802399264	0.1426942085020593	0.3646294486287901	0.37415483771654884
TCGA-DD-A116-01A	-0.06381249494559094	-0.4610375691504863	-0.3483984358566382	0.19400839514688684	-0.6785492938370221	0.020826141985913926	0.07641005002028595	0.22863674281351998
TCGA-DD-A118-01A	-0.32671505653847344	-0.22846342889965876	-0.5273280491828536	-0.05721350123631577	-0.641697189850942	-0.5506958158168737	-0.5628126257689912	-0.5787929554629163
TCGA-DD-A119-01A	0.333114398135059	-0.5378255727879255	-0.3986648657627856	0.556572280229367	-0.6052119719079622	-0.00226429641807388	-0.2282670149246807	-0.41331733244886515
TCGA-DD-A11A-01A	-0.6129966045753193	-0.624941786839514	-0.311938960229035	-0.7202001035012556	-0.5713299982746067	-0.5910040329664649	-0.627537312009069	0.2099061338463622
TCGA-DD-A11B-01A	-0.5077427036898575	-0.22864274443346386	-0.15962661987391022	-0.608816200799916	-0.09562417342309018	-0.6267578428379454	-0.3800954406945251	0.5814324057164751
TCGA-DD-A11C-01A	-0.051098512490976605	0.022427971706266925	0.021635457920857415	0.3015123605186637	-0.03323558162272855	-0.2215222305963328	0.42326484730286745	0.4285406052605514
TCGA-DD-A11D-01A	-0.4223544945062097	-0.4828887530085664	-0.2573900823662653	-0.3366007583031789	-0.5541640010195321	-0.5848564608894774	-0.17360665354513027	-0.0322663035169975
TCGA-DD-A1EA-01A	-0.2772313280411689	0.5273187836051183	0.6574982599435903	0.4689782071186631	0.5692024610431449	0.6125443019638173	0.3857000184822278	-0.08518915863155235
TCGA-DD-A1EB-01A	-0.341919989017506	0.4201583115281646	0.49148357802516385	0.10321430625032138	0.5502212069299918	-0.011820268592346306	0.16650376588295035	0.2210646210908804
TCGA-DD-A1EC-01A	0.6234502543098195	0.6289177508656465	0.8479498533555377	0.7942613995745826	0.859295037663218	0.7599803288377631	0.992870695107227	-0.19971601441078832
TCGA-DD-A1ED-01A	0.4293395830288409	0.3724951911607376	-0.10301735646188165	0.6257714387089361	0.39972004391831983	0.5257596849792431	0.48812740757779627	-0.3476416332044053
TCGA-DD-A1EE-01A	-0.5712190396411789	-0.24287990128795678	-0.42618698671116273	-0.036858145017590105	-0.030504417964223374	-0.5544137947901512	-0.9288219398611286	-0.017022255448828794
TCGA-DD-A1EF-01A	0.38261805078290423	0.39005446488443263	0.11157864786110785	-0.4636306135356554	0.03979069633714641	0.02108675658528361	0.11355142873583801	-0.017866962451541457
TCGA-DD-A1EG-01A	0.6777334028422713	0.6684685720857246	0.839323710391588	0.9288137542407086	0.6708642401242808	0.778046254746273	0.6048985223940809	-0.34979457187027146
TCGA-DD-A1EH-01A	0.07996511090273503	-0.002332079296472944	0.41329916150828777	-0.6216887115522091	-0.2514997973921422	-0.18064414204989307	-0.3335824757085702	0.05142434888400474
TCGA-DD-A1EI-01A	0.45548242030444885	-0.21992528754272828	-0.4611271388222532	0.24834628292898042	-0.41393605172111425	-0.35238047815295015	-0.2169263496807171	-0.3035203936840024
TCGA-DD-A1EJ-01A	-0.4660876294585686	-0.08434858040487814	-0.36153949213689496	-0.6295363677172556	-0.37927663734105377	-0.4725297548430196	-0.7232794802507527	-0.14118120650986093
TCGA-DD-A1EK-01A	-0.10663641939541735	0.1863821956409219	-0.32595106137493723	0.31036220808835	0.3037073726731224	-0.03426225629593768	0.18530443281791592	0.5211743530731118
TCGA-DD-A1EL-01A	-0.423905446627895	-0.6297084363683053	-0.39946303719076914	0.2514301013278512	-0.709296136344008	-0.1559524581495938	-0.5409072615419419	-0.09874058312732692
TCGA-DD-A39V-01A	0.2791196396966083	0.7707471344133892	0.5607568002759091	0.6938646426313241	0.6731888416038959	0.5379782469446964	0.8229747599609064	0.026798550807999533
TCGA-DD-A39W-01A	-0.3143320996107451	-0.3999795176800366	0.58418099543263	0.18233569087454954	-0.22030604953525085	-0.10728041757747817	0.016443396768816287	-0.3710305831352406
TCGA-DD-A39X-01A	0.21466675309573813	-0.29831990525497276	-0.5793481341024875	0.6094703761417808	-0.6396587021861682	0.04395384339366418	0.06749841890432273	-0.4152667624498148
TCGA-DD-A39Y-01A	-0.37807236537203603	-0.43559545677332184	-0.7160273736275563	0.06158357771256798	-0.5758909928760501	-0.4794209543247001	-0.6000114988789396	-0.296585954590983
TCGA-DD-A39Z-01A	-0.5544870929253195	-0.4897281489310013	-0.5379452110559341	-0.7670419684195076	-0.4494853659937121	-0.6143821894852726	0.06767090208721321	-0.029213870837990263
TCGA-DD-A3A1-01A	-0.3711894584923191	0.09367991258835373	0.01374432112256671	0.5457995514922073	-0.03812316715547942	0.20012330157154257	0.2439492971310559	0.08183999105518748
TCGA-DD-A3A2-01A	-0.3231806128242412	-0.4043114239505105	-0.3791336927954977	-0.24192813863022034	-0.10942441492731514	-0.16374811618882773	0.24866325533269323	-0.14724656935755687
TCGA-DD-A3A3-01A	-0.3783938888829767	-0.3944199671974421	-0.586514405161123	-0.12947596247576043	-0.6334421673977393	-0.2777710825959312	-0.08129707353517635	-0.3508742142529785
TCGA-DD-A3A4-01A	-0.5782487146428499	-0.6825991638339267	-0.67487688608144	-0.754758208268141	-0.5652549205755246	-0.8339661719021172	-0.8098596494654374	0.0751814165327912
TCGA-DD-A3A5-01A	-0.4091640273931117	0.13540720467787432	-0.66754845017013	0.1426733703464293	-0.1178258119517448	0.04136304616555232	0.45817748068982533	0.4418287828285855
TCGA-DD-A3A6-01A	0.40460139698662123	0.5198113750070897	-0.4832158081326077	0.09973141050520379	-0.36868683038422445	0.26931885636582986	0.6580808371183785	-0.3252546239432787
TCGA-DD-A3A7-01A	-0.2650992919876615	-0.2609891003011985	-0.46128104111100227	-0.16175508693992352	-0.1296072681272516	-0.31844222692705737	0.08411429885595673	-0.3502069347658301
TCGA-DD-A3A8-01A	-0.5505187371030643	-0.560890475857448	-0.45268685904705275	-0.8461292052235272	-0.6480181069433835	-0.5871263309934825	0.03499147439546213	0.40507539024122785
TCGA-DD-A3A9-01A	0.4195000974976438	0.05541459806825297	-0.3751014736920003	0.34184348226090683	-0.11436950146632899	-0.17991428768035633	0.4040307821240607	-0.22593081965368209
TCGA-DD-A4NA-01A	0.15871174634789742	-0.15520786703232142	-0.011559031571665046	0.21683629463515702	-0.33863904860433974	-0.09981590150734598	-0.3387569711951783	-0.17438734884209028
TCGA-DD-A4NB-01A	0.5337241837075188	0.2616716194892908	-0.21799142911478908	0.47343331958943013	0.11615163094859723	0.13706472625008198	0.6389352038176527	-0.06795214268956568
TCGA-DD-A4ND-01A	0.6081881667976367	0.6299284514860186	0.5189487607107468	0.4062790885167865	0.5681099419240543	0.5111669963837744	0.3913643419767046	0.2591769779306413
TCGA-DD-A4NE-01A	-0.5271714376494722	-0.6973209298710454	-0.6253378572665473	-0.6468288195039634	-0.69057225725826	-0.7506060636745325	-0.760363364572074	0.5634037373020928
TCGA-DD-A4NF-01A	-0.6090041475291498	-0.7113943969793186	-0.5821360481948763	-0.6626888698622312	-0.5006227259833939	-0.6781618659285684	-0.6296211119416133	0.12645428332533032
TCGA-DD-A4NG-01A	0.06340558763137194	-0.2606105814888238	0.045192530400479936	-0.6683969636924161	-0.496617362299872	-0.15014294454164373	-0.17823262231910303	-0.3259061451649216
TCGA-DD-A4NH-01A	0.22688572218292621	0.0972926652653891	-0.4909633644480683	-0.6235409119655222	-0.2786498763727933	-0.29281612999891754	-0.6300810670959797	0.05554138961149954
TCGA-DD-A4NI-01A	0.43737888277194503	0.4139977182220595	0.6963597676691194	0.4042320740612807	0.6716117532057145	0.5922779893653578	0.6309434830104118	0.17285902365616213
TCGA-DD-A4NJ-01A	0.4128528284836222	0.08622807263223331	0.06371844269367383	-0.01382007386770101	-0.14539281411332663	0.10609811670124145	-0.62180187431727	0.42505932482620673
TCGA-DD-A4NK-01A	-0.3831128152888957	-0.6659223098641981	-0.4063690094869427	-0.12864486778759615	-0.7038178328734169	-0.5733806632208831	0.09107112056581879	-0.18261623298657267
TCGA-DD-A4NL-01A	0.2575215340211651	-0.16861234113544016	-0.6718122052417116	-0.1699154735208435	-0.409816293744923	-0.23677555593441213	0.04082101995069537	0.1629021795984052
TCGA-DD-A4NN-01A	-0.49965718665228	-0.452508643671737	-0.7284076243012926	-0.7537996034086434	-0.648189646737219	-0.6699761318520564	-0.8639682630945976	0.06815863009625181
TCGA-DD-A4NO-01A	-0.21116045483462437	-0.409799298407442	-0.43017779301116155	-0.09263412109716984	-0.4318789737261906	-0.42608071106106993	-0.45009138934527804	0.03141878617339533
TCGA-DD-A4NP-01A	-0.48973327107615816	-0.6620852262929307	-0.7536030481737379	-0.5041104173371737	-0.6133632338562447	-0.6332248766922279	-0.2520053814897515	-0.19738923413825393
TCGA-DD-A4NQ-01A	-0.13328609759337448	-0.2902057891197044	-0.08253919748190497	-0.3661154182709881	-0.4607265683928158	-0.08941646407085097	-0.5524636347956318	0.038645120478480816
TCGA-DD-A4NR-01A	0.6046638691765667	0.8287998159755621	0.8453045028465943	0.7998964981888422	0.8940256454488174	0.7956506731100982	0.9401483355372903	0.16689076119364252
TCGA-DD-A4NS-01A	0.6606099288508244	0.27392911671503273	0.2328707818424797	0.2663899430149006	0.22777704288909736	0.5880306384213536	0.6420973955039719	-0.19182366157074127
TCGA-DD-A4NV-01A	0.23451627406213776	-0.0806775877582945	-0.5026208813735242	-0.121186874587348	-0.31634705504074845	-0.33897870398132285	0.03248433277765411	0.11859208452297698
TCGA-DD-A73A-01A	0.10581530023197824	0.4081872826124944	-0.020546244058629648	-0.06250359381294734	0.4369613316790728	0.2324856688748713	0.7437474846202801	0.17792039426713385
TCGA-DD-A73B-01A	-0.6889969209057134	-0.711629596515975	-0.5425698310604244	-0.723794714140332	-0.3511175258517402	-0.7515692331544803	-0.4522457256521176	0.6848439540666603
TCGA-DD-A73C-01A	-0.14069584775239524	-0.030443009259405518	-0.41050222935678315	-0.09807880626744395	0.07687884537975423	-0.34586941651366265	0.43132294601281307	-0.08385474408503146
TCGA-DD-A73D-01A	-0.7115732469667246	-0.6745955294116799	-0.23717828352589143	-0.8206543614507494	-0.7219910740430171	-0.7520680917233334	-0.5417696774564114	-0.08530998835194684
TCGA-DD-A73E-01A	-0.6611688436038474	-0.8513285894127677	-0.7328475114887021	-0.7907820656494016	-0.7747992439929952	-0.7810985636356441	-0.761053297303625	0.36328631256647403
TCGA-DD-A73F-01A	0.5699053587519765	0.8410541934698736	0.9229397895220841	0.8772353516187301	0.9021907883388175	0.8227324056304284	0.9697579486000174	0.5437133557146895
TCGA-DD-A73G-01A	-0.19134586347581511	0.4156085123839057	-0.6326753542485074	0.47680903416051446	-0.22295533949454133	-0.1823150385457057	-0.03616397401238147	-0.09952730511751728
TCGA-DD-AA3A-01A	-0.16425426164450674	-0.5626098714805292	-0.4472358450360766	-0.584213689021146	-0.5591648302171071	-0.3996808794907059	-0.7140228827690068	0.11228912492565093
TCGA-DD-AAC8-01A	-0.43441987256815334	-0.6443256003680803	0.1363401049158236	-0.27303973846996565	-0.6469244626025906	0.06312358739308059	-0.3594388947848485	-0.5320604980164388
TCGA-DD-AAC9-01A	0.7041034639593466	0.13031226637528184	-0.06095807694521432	0.6612040710712696	-0.14127997239957696	0.6073843025932439	0.5421721382165023	-0.36247706513677336
TCGA-DD-AACA-01A	-0.49426304065351767	-0.20522744701138113	-0.2114784092855441	-0.25321565127542267	-0.2211680362971506	-0.4822925779837889	-0.6592473721113438	-0.047031354655319074
TCGA-DD-AACB-01A	0.4399626898984186	0.8420293263871657	0.8321927655413679	0.9304812834224618	0.8978782128687712	0.772465769186495	0.9127810038521406	-0.45042115548090195
TCGA-DD-AACC-01A	0.6926014957959382	0.8967738225314412	0.9450227155097901	0.9534816859295367	0.9608993157380351	0.9101238671939226	0.98648881734031	-0.6681324835652112
TCGA-DD-AACD-01A	0.2635762220232913	-0.18620967278188974	0.5328660843273927	0.7316428037491103	-0.17215801276528336	0.5979523550898982	0.41240729028920764	-0.3441067878743195
TCGA-DD-AACE-01A	-0.3266151265848475	-0.05750761975979585	0.2139244703023436	-0.2704860544303287	0.024150422632345292	-0.019165764051243733	-0.6538837463348632	0.3758937405136881
TCGA-DD-AACF-01A	-0.38228684244213285	0.5095944485030576	0.47496946077845986	0.4956011730205352	0.7532727613411629	0.35031407713512813	0.371471281550097	0.49834125207915475
TCGA-DD-AACG-01A	-0.34965225096941666	-0.32324117839274874	-0.09040197826214041	0.21390374331546771	-0.3938664162123727	0.08114327250939672	0.3239234174668452	-0.35480806917391783
TCGA-DD-AACH-01A	-0.1832632227340899	-0.32100750281646817	-0.474875674686671	-0.11431200046006104	-0.25850599870102065	-0.17297235410236264	0.10883688840352956	0.13888202695511795
TCGA-DD-AACI-01A	0.5373898830612216	0.7678533985160975	0.5936511587784398	0.6732217813812214	0.7491231096545127	0.7369128476308704	0.9614787558213151	-0.1785988429181918
TCGA-DD-AACJ-01A	-0.6453464084147177	-0.577887608876331	-0.6505448595888411	-0.6625562041121356	-0.6158291423941483	-0.43112271214073117	-0.6295061231531056	-0.5869802748868695
TCGA-DD-AACK-01A	-0.4511171395225326	-0.466149676780474	-0.2675400897868764	-0.32213998583640213	-0.27032369851193483	-0.35505479576963483	-0.7466222043352321	0.4569660910085352
TCGA-DD-AACL-01A	0.3859341185830844	0.5422220640051065	0.6557018804991448	0.6386139904403708	0.5486619448266361	0.5728658353198444	0.6645202092796056	-0.15978975863872869
TCGA-DD-AACN-01A	0.4772513768372616	0.36707319713042685	0.17084513458838993	-0.2866586884021346	0.3890073567792033	0.46918690528302465	-0.007704248835570415	-0.06003795502911391
TCGA-DD-AACO-01A	0.10818317892371573	-0.12036748316614682	-0.4506091876408663	-0.3998428305829218	-0.2534287650241548	-0.04339521643403951	0.4835278560340329	0.5231463306376762
TCGA-DD-AACP-01A	-0.3521650226062265	-0.16136378283990702	-0.2730779669326329	-0.6338335920873804	-0.3864979376288663	-0.5488448182069748	-0.2235154420591272	0.1098835262433753
TCGA-DD-AACQ-01A	-0.6598806716145307	-0.5345356546945197	-0.08192401802728683	-0.7532056810988028	-0.04087134968412989	-0.3848064967318503	-0.7803139193930718	-0.0938247435706224
TCGA-DD-AACS-01A	-0.5725468464196894	-0.6796825579394234	-0.3559712997473227	-0.4106721867631126	-0.22305306567783642	-0.6249097185789774	-0.7469096763066653	0.43772064811553796
TCGA-DD-AACT-01A	0.4363086386308363	0.04048509541025175	0.3891092105014801	0.6067169501271898	0.026756314059839442	0.6061679574179413	0.7899729776347182	0.11732564302804929
TCGA-DD-AACU-01A	0.23003306293004622	0.041923054804739346	0.13898178614355167	0.07716635041109124	-0.014317750560682352	0.12162294235562679	-0.499860134674341	-0.13825134943188863
TCGA-DD-AACV-01A	-0.6696667144498453	-0.359636557315156	-0.36656777896035764	-0.6685641998729915	-0.3318227597829783	-0.6671188935713036	-0.8554015983443899	0.2941902428372596
TCGA-DD-AACW-01A	-0.4752321504897451	0.10144230418584838	-0.46249277663158583	-0.3605114150139742	-0.21071962509349215	-0.48596923710103207	-0.0052894842751111115	-0.45092028015928826
TCGA-DD-AACX-01A	-0.5949940483631062	-0.2599680685760359	0.2674111957009596	0.14812259214532233	-0.03858317520561466	0.11931819147811037	-0.6927374349015433	0.40199561573680065
TCGA-DD-AACY-01A	-0.1043066412939126	-0.09820191617120161	-0.3335336070477286	-0.3696164682881113	-0.01950236351360779	0.3869750185007404	0.2909216351406436	-0.3812420805872011
TCGA-DD-AACZ-01A	0.41277562672984397	0.7642187589855021	0.7403876578441811	0.7345222283863588	0.7284802484043618	0.7011293969497104	0.8226872879894254	-0.21516317486029943
TCGA-DD-AAD0-01A	-0.6085697293817017	-0.3476326255317449	0.1647526890430699	-0.7773651396036867	0.19734686191254355	-0.3222797931550564	-0.5530752037399289	0.4511448819280547
TCGA-DD-AAD1-01A	0.6881039455813279	0.49763450267235054	0.31940009720175844	0.3736608243617662	0.5720045717647114	0.4346463028161557	0.5798309664807573	-0.11467859582411338
TCGA-DD-AAD2-01A	0.6801343600472013	0.49997124618996014	0.16147836605083438	0.6360981227609097	0.512706867119958	0.612836647797211	0.42350370838844414	-0.44526353677415176
TCGA-DD-AAD3-01A	0.5789099346457334	0.009143711541797162	0.5490946665839375	-0.2057178191558764	0.3249286833663211	0.4345263007936316	0.06836083481873706	-0.02711172041657922
TCGA-DD-AAD5-01A	-0.3297108735992217	-0.13649862234343355	-0.7908770698998338	-0.0525559197286429	0.019952849174816573	-0.2680151262392457	-0.5028907316864695	-0.3125429353482668
TCGA-DD-AAD6-01A	-0.5635916925004756	-0.5243190774495625	-0.7046520562624844	-0.6068656201479182	-0.6010580185148815	-0.6011886520913203	-0.7170978083585242	0.1988815603613552
TCGA-DD-AAD8-01A	-0.26302934766331865	-0.38167181794626287	-0.48605999344716794	-0.6636849085928049	-0.010350181128214286	-0.2944562836829997	-0.5398333585313575	0.45462627562236446
TCGA-DD-AADA-01A	0.47708444504114084	0.2966519384043338	0.09235440740102194	0.05445345293538478	0.22291161830419512	0.31777584007726484	0.6845857528891349	-0.47343744703426216
TCGA-DD-AADB-01A	0.3647918058982554	0.520549913816279	0.7116567945251764	0.4564732422518273	0.7735730321045545	0.5064698075229112	0.7062036451446323	-0.07550341635754917
TCGA-DD-AADC-01A	0.050894210070150644	-0.14456042142721515	-0.11024210707928472	-0.6625616624327488	-0.3012477718359374	-0.2546785987697741	-0.6232967285690523	-0.4303087069555739
TCGA-DD-AADD-01A	-0.5162354676826795	0.1470826072737051	0.09109206969925168	-0.11994709907429263	0.1119831254864328	-0.08522400964212254	0.04047605358484335	0.1777662611701087
TCGA-DD-AADF-01A	-0.3172156302429045	0.300084718968168	0.4392225897302403	-0.11697761585526717	0.5989243515962268	0.22671092350265823	0.49623411717358545	0.34383458825533636
TCGA-DD-AADG-01A	-0.5042912703830259	-0.4895048593942589	-0.4909693730236489	-0.6179633143575616	-0.5644298775225987	-0.6229286273033517	-0.27378514542866084	0.6331533161376469
TCGA-DD-AADI-01A	0.59907880996685	0.4938612667482208	0.7201242185783995	0.6277384854236787	0.6085251617758111	0.6603969963292259	0.7461047547863906	-0.3415487450523327
TCGA-DD-AADJ-01A	-0.3705504225027968	-0.04432620580826868	0.13072146513323035	-0.21991475078722877	0.10487742826724508	-0.2975962188539315	0.08980624389131031	-0.418751245818649
TCGA-DD-AADK-01A	0.5358226904259893	-0.40787435180886517	0.011501523951841452	-0.1153470185728836	-0.5291041737064373	0.07083292282398482	0.05594204565072092	0.009546264880115868
TCGA-DD-AADL-01A	-0.6382449526936989	-0.5899601737064047	-0.48752424545915785	-0.8326720717606005	-0.5564661393895849	-0.5745108344958809	-0.6048827482511081	0.2333897557122971
TCGA-DD-AADM-01A	0.08737775098558626	-0.29136323801986314	-0.17770859393235583	0.4762168737750365	-0.26861673435117267	0.013807386951951162	0.15649974127535388	-0.05987038023084984
TCGA-DD-AADN-01A	0.152493558131182	0.7261120477512841	0.6942009440751071	0.8080041400724983	0.6939796446439088	0.6582271590804041	0.9500373713562941	-0.09344988210940677
TCGA-DD-AADO-01A	0.3516589604788771	0.7192332920761688	0.5084005530579114	0.5734595905121824	0.6250415110004053	0.5673714686920466	0.7700799172080928	0.14767440798361375
TCGA-DD-AADP-01A	0.32980618690924135	-0.1524975447685489	0.329110522145426	-0.4914035995628821	-0.08663797201443554	-0.31953187588299414	0.0037946300235640607	-0.17237025783049606
TCGA-DD-AADQ-01A	-0.32893010148645613	0.0729202663703801	0.7728815558821787	0.2967041348585297	0.41623704774934467	0.3782624625277802	0.43396768815044895	-0.5257528490884222
TCGA-DD-AADR-01A	-0.1849468159081111	-0.1558456495486052	0.4514263820463411	-0.16704042320746748	0.15318419252107776	0.23265836371558923	0.5319381360317722	0.4421002343635872
TCGA-DD-AADS-01A	0.07562623397432973	0.5625970441082782	0.5534533325665087	0.5393551441527974	0.6070956241734553	0.6129576796040164	0.7667452423389042	0.1885795347788563
TCGA-DD-AADU-01A	-0.5085144797288075	-0.6013507220428462	-0.5635859515132968	-0.5176703240706568	-0.6791656745614482	0.04108390912892468	-0.23929166906217636	-0.06413983023401648
TCGA-DD-AADV-01A	-0.22085927633529362	-0.39314064358710665	0.02030018977512016	0.028980507158824775	-0.2719095250864038	-0.29740145300434895	-0.13925142298604282	0.6163521662058211
TCGA-DD-AADW-01A	-0.07614057723939904	-0.39327678205614686	-0.44030715403016185	-0.7363322204606605	-0.5890859579970367	-0.5975647466856762	-0.7327085609154471	0.37534456437788827
TCGA-DD-AADY-01A	-0.38094349442216213	-0.5659702165910154	-0.07812413702868126	-0.4328100741760497	-0.3260731245900017	-0.5195542467855636	-0.39607888230894017	-0.5431358542528371
TCGA-DD-AAE0-01A	0.254115524691234	-0.2839115407498828	0.35250205708044435	-0.44822034385595944	0.05811599640704951	-0.043665861235838155	-0.21376415799438936	-0.0535224148422081
TCGA-DD-AAE1-01A	-0.4276325624476841	-0.13955413953885099	0.24320464789911	-0.06819619343343755	-0.02886550514638936	-0.11858349964366434	0.0430633013282794	-0.13472587495369928
TCGA-DD-AAE2-01A	0.39081356668568723	0.6808813152960151	0.7767554200930877	0.6358461273073156	0.8116267034673355	0.6905481662880442	0.6893577876157254	0.6172133678524507
TCGA-DD-AAE3-01A	-0.12282558700597937	-0.08312854319230059	-0.3715093538493064	0.3459994006043915	-0.39029063922684926	-0.044522551630695045	-6.899327313946713e-4	0.29545504123749516
TCGA-DD-AAE4-01A	0.5210865085156958	0.6557220772219935	0.6637529472654528	0.8181942723935033	0.6640791213847189	0.7544011045909443	0.8694877249468248	0.6405498248849599
TCGA-DD-AAE6-01A	-0.7132492523550109	-0.5939446514543318	-0.8174708148835614	-0.907883387958522	-0.43406672735582447	-0.7974689438839313	-0.8576438797219645	0.012107323299984457
TCGA-DD-AAE7-01A	0.5722093229040135	0.5205186877890909	0.33744902199789817	0.41573109701553035	0.49515589681178795	0.45146114220622663	0.7033864198240727	-0.30563153580623603
TCGA-DD-AAE9-01A	-0.5925506039646227	-0.6806733336025477	-0.1623198982085838	-0.22123209513692976	-0.771844873738422	-0.06643406447733549	-0.3935491289598429	0.3115115224008562
TCGA-DD-AAEA-01A	0.15414657880090715	0.6524233079477321	0.5105255467273019	0.25655388074866214	0.739123658264355	0.6505440534275915	0.765049948603411	0.2933668555748834
TCGA-DD-AAEB-01A	-0.3348103574385184	0.0817758352981949	-0.7805018447132512	-0.569374964061705	-0.5326066539841439	-0.469149152615959	0.15356752716623084	0.48476190774210265
TCGA-DD-AAED-01A	-0.48109432896846266	-0.21666219355962701	-0.6108021303854665	-0.6299235236612275	-0.2610814607568814	-0.3964892307342236	-0.6389933591864287	-0.2673732152129344
TCGA-DD-AAEE-01A	-0.5456868652213955	-0.4862463833792352	-0.6130395282466831	-0.45414658262266605	-0.5098614225745801	-0.41411543595995703	-0.43385269936170223	-0.07374207485409942
TCGA-DD-AAEG-01A	-0.47185524876103124	-0.749669331186912	-0.6119311317052059	-0.24085417948720148	-0.8154792708866339	-0.5360463478555705	-0.83171390789421	-0.17462917262154226
TCGA-DD-AAEH-01A	0.5257600965423124	0.5817537383146263	0.7476017365441023	0.3017194179163376	0.8546116296629019	0.7142347389194825	0.9723451963433584	0.08190540366181584
TCGA-DD-AAEI-01A	-0.2711901942494012	0.06250544066780717	0.11418302807842026	0.5506801806631669	-0.021415887862147487	0.4044106356091137	0.3083424366124907	0.6011353282754043
TCGA-DD-AAEK-01A	0.61902502798327	0.691986424698105	0.8070888564418587	0.7340645741074331	0.6775343568513779	0.633365424095899	0.6917150577818705	-0.028551213900888883
TCGA-DD-AAVP-01A	-0.3436789087819823	0.6672928598953783	0.004327408679203948	0.19113334483349306	0.3670409551550291	-0.0668629453833259	-0.470093625553723	0.22879306870402127
TCGA-DD-AAVQ-01A	0.6912233039239578	0.7057243432015253	0.8353556846281687	0.8167442930251807	0.7296877695360744	0.7368127263292101	0.8560915310757434	-0.44946139479401626
TCGA-DD-AAVR-01A	0.7151422274853853	0.4848265427664712	0.5298161004030979	0.7680409407166442	0.4879444549943275	0.6917507352757599	0.7127005117001118	-0.06991675694396304
TCGA-DD-AAVS-01A	0.04842675421861092	-0.2696921016034153	0.3038117962037843	-0.5782876200330584	-0.08816719950654583	-0.2561295753480505	0.13505433220274782	0.004899230270162064
TCGA-DD-AAVU-01A	-0.5619203156598541	-0.6803354503690373	-0.5726374549599708	-0.14996262434598656	-0.7413828656330149	-0.5346483973936088	-0.3578451101016362	-0.3493676316177362
TCGA-DD-AAVV-01A	0.6641982610110708	0.2607185031377256	0.6203813121850529	0.7739635443621433	0.2775573572537154	0.665113331296993	0.5006611855344447	-0.5363189901481971
TCGA-DD-AAVW-01A	0.5729195503879171	-0.04598220747199838	-0.14369531403488933	0.21060705624603412	0.1112129226634957	-0.1888951153454063	0.11343643994725205	0.008511127724442125
TCGA-DD-AAVX-01A	0.28221253009186903	0.02313449159188624	0.7196308505236918	0.5630396157541682	0.3517775725983081	0.5719570629452817	0.6190996377853156	-0.320854434669213
TCGA-DD-AAVY-01A	-0.6987756290075859	-0.44819314439803404	-0.16222899534189833	-0.5697199700991203	-0.20080071566785251	-0.4360313355193619	-0.4749269777159628	-0.18522310187841234
TCGA-DD-AAVZ-01A	-0.22874255844350683	-0.6836508913943132	-0.3878276322058227	-0.12132712322471534	-0.4644691833124984	-0.6106237608063809	-0.34341401713319164	0.2156464399417702
TCGA-DD-AAW0-01A	0.6072658504509179	0.2598322415304996	0.4389620251101146	0.16717290459201362	0.30715755532224887	0.5815511437904636	0.412202476226672	-0.08786092031939668
TCGA-DD-AAW1-01A	-0.491647525964319	-0.5400296480252079	0.17845820048394473	-0.34874360301302454	-0.19757670943945363	-0.20707449368755618	-0.36840382354908163	0.24878547952047414
TCGA-DD-AAW2-01A	-0.5689899264530393	-0.6706645176974941	-0.5709705911438206	-0.3689839572190378	-0.5971479500888535	-0.5696732087552453	-0.1499485106322055	0.13596945623187465
TCGA-DD-AAW3-01A	-0.5410504326675055	-0.6801421865497616	-0.5469213223586505	-0.48962106836848623	-0.5018309548390174	-0.6477401972109288	-0.3581900764675243	0.12776850176408044
TCGA-ED-A459-01A	-0.40340519734191044	-0.7885736345774028	-0.08466941129745284	0.6055319219233612	-0.6912937745108412	0.21412454044904275	-0.8489622261831382	-0.09065785369511178
TCGA-ED-A4XI-01A	0.5903763214925403	0.6249045807302758	0.5784598831257532	0.5828739561679195	0.7548652643538176	0.5788134074198501	0.6836083481860554	-0.2027997563972998
TCGA-ED-A5KG-01A	0.7484679187091899	0.9077209690394089	0.823681637816957	0.6820769363465677	0.8994882410442182	0.7367391554481435	0.9001322371068835	-0.3939222423769521
TCGA-ED-A627-01A	0.796694585240536	0.6904829917843026	0.66444303870255494	0.6553389684319891	0.78534874360302	0.725405591991692	0.8413154717415118	-0.03762232285637501
TCGA-ED-A66X-01A	0.5416346837520994	-0.2530554772919602	-0.2568320335995433	0.29838020879555804	-0.7028673999926549	-0.04370914119921984	-0.36365204392562267	-0.3161697160954924
TCGA-ED-A66Y-01A	-0.47535498780746543	-0.6518870410308085	-0.7548627482338791	-0.7054223448905024	-0.7105399344484145	-0.8049131285239074	-0.846145000862605	-0.3523911148234957
TCGA-ED-A7PX-01A	0.41298703697333233	-0.1049446801357534	-0.5436195295880686	-0.30412282214941433	-0.4130297280201192	-0.32565503860419853	-0.47956074282750183	-0.0256594076316507
TCGA-ED-A7PY-01A	-0.4769770790200265	-0.5244385723880771	-0.056714487773596445	-0.6837861518326694	-0.20018846170399862	-0.4895151756998591	-0.5734834610113725	-0.21197173096542052
TCGA-ED-A7PZ-01A	-0.6048806397235726	-0.7364965985449309	-0.8560796449029358	-0.755442261044456	-0.7874187798280639	-0.6684669870555533	-0.9089863738288	-0.6245417968464824
TCGA-ED-A7XO-01A	0.4938987277855856	0.20202206599693975	-0.204735323284227	0.5630130419805539	-0.08707126032402684	0.4745176838773622	0.3839475651124565	0.24388726140574613
TCGA-ED-A7XP-01A	0.15100188537516443	-0.3803952343416701	-0.2186429596320643	0.3941118969581948	-0.14734059355231804	-0.2875388332758987	0.1737877138141009	-0.3571322092928936
TCGA-ED-A82E-01A	0.012238712001997054	-0.4465601191085716	-0.19304643805164975	0.31245596934449715	-0.12316728450360492	-0.3635434405885618	-0.8548266544014185	-0.24047770542422156
TCGA-ED-A8O5-01A	-0.2827445187208556	-0.1775456073286863	-0.4689369639780196	-0.8968431947551865	-0.049393364383931604	-0.4917672354309224	0.22870430512938072	-0.4417851818009144
TCGA-ED-A8O6-01A	-0.021846348902069657	-0.2244176672652696	-0.4628349842181379	-0.5015181551852068	-0.5581645608939374	-0.4606463776389338	-0.34305938997630725	-0.45218559573323425
TCGA-ED-A97K-01A	0.4623723821168767	-0.026223474610465647	-0.2569770273249381	0.1278444090323972	-0.05577597607963575	0.07674605914161028	-0.30759500948646423	-0.44544928019232827
TCGA-EP-A12J-01A	-0.513895275212048	-0.20575415107390138	0.596045122385798	-0.018227818986885413	0.18783147562788988	-0.2386918709475599	0.3128558311605531	0.1493300543381608
TCGA-EP-A26S-01A	-0.5074002631859358	-0.5549043901224822	-0.5508054111347637	-0.48361481505474185	-0.4685044284003793	-0.5572211276104988	-4.599551543348901e-4	0.1994230688993516
TCGA-EP-A2KA-01A	0.5327108071121036	0.5662775317728411	0.7663465409166353	0.666525451992017	0.6031280547410638	0.6766622644605539	0.7763468061864055	0.12448852192558718
TCGA-EP-A2KB-01A	-0.41505166578301167	-0.0481913853585689	0.08200586577723298	-0.13776057547566323	-0.04818584325230427	-0.2734395577650337	-0.09745299833246457	-0.07934596376925632
TCGA-EP-A2KC-01A	-0.31065570425746886	-0.41148505741402364	-0.00871931168252843	-0.2612845724799185	0.039963199355942614	-0.08738925325054289	-0.7396653826253218	-0.18572764349692666
TCGA-EP-A3JL-01A	0.6386204942640072	0.5978148700881762	0.7137050310202331	0.8739002932551873	0.5528721752630983	0.7598555394464331	0.7998045190593932	0.33538513966276196
TCGA-EP-A3RK-01A	0.5723038394470635	0.7657029629169699	0.6863230541473756	0.949916623540922	0.728426377444022	0.7950753653204302	0.860633588225149	0.0013445558101506938
TCGA-ES-A2HS-01A	-0.41563006242634226	-0.476755236436391	-0.7826793470310518	-0.09515701779824859	-0.6426479549196948	-0.5418342415141741	-0.48444776634275083	-0.16435677727305242
TCGA-ES-A2HT-01A	0.3614220584038029	0.03542469377179819	0.5056816659092138	0.5648898855730541	0.5928215355208413	0.12967437579099314	0.2771032913913839	-0.21344081576822385
TCGA-FV-A23B-01A	-0.1041239059412073	0.2690526640957507	0.5754787509344379	0.2092760475912116	-0.08431387261055678	0.3029485371802496	0.14503179462083549	-0.03472327882565815
TCGA-FV-A2QQ-01A	0.5319368105678429	0.25322335832737564	0.48356678154330945	0.7350437937698884	0.3845729914816356	0.4855229080246337	0.554993388144658	0.1562126640364708
TCGA-FV-A2QR-01A	-0.15282183576389535	-0.7094744125884425	0.43800909806634436	-0.501638778678392	-0.5520186860489712	-0.13458172902249077	-0.2880136946982579	-0.03329562957632565
TCGA-FV-A3I0-01A	0.3353782641896715	0.03745278479987066	-0.445306229767776	-0.24500625792169745	0.10867690184573964	-0.16753135031224795	-0.3554303455411547	-0.10998798934069942
TCGA-FV-A3I1-01A	0.4989748606403264	0.4573607392924731	0.5857151072516329	0.4825484445978333	0.28724862783618477	0.6364835873712136	-0.6312309549819924	-0.19470566731660907
TCGA-FV-A3R2-01A	-0.5335447234224293	-0.30493645401681624	-0.16044625912933574	-0.42044735782868375	-0.2327524306056279	-0.08304736311159538	-0.24902769512029777	-0.07240209327735542
TCGA-FV-A3R3-01A	0.5040389224766709	0.3652657994842132	-0.26148701590730866	0.4394924397749179	0.2950331427627999	-0.2665404839730959	0.48262218741755825	-0.42443941901481985
TCGA-FV-A495-01A	0.5696320465162588	0.391819856399669	0.22784518948750287	0.7771260997068595	0.2453972077315376	0.5841597546280755	0.5810958431553488	0.3169835645631671
TCGA-FV-A496-01A	-0.6287292972526569	-0.7957972129431865	-0.6657890585885637	-0.79019426136106	-0.6494807817422256	-0.8412935036040944	-0.9568217098835787	-0.4541798993415257
TCGA-FV-A4ZP-01A	0.19276502206950819	0.5161136474004904	0.15199263902467935	0.5029613018227989	0.4336150882640575	0.1525453701722553	0.4458690277698065	0.13341638535770628
TCGA-FV-A4ZQ-01A	0.2130016365627901	0.8622769239857374	0.8663601879946637	0.9054683456960545	0.9234661606578408	0.8387666154082535	0.9569366986718824	-0.23451078559244554
TCGA-G3-A25S-01A	-0.45488594064270726	0.09546264880097416	-0.1326553703879706	0.2553619688344291	0.09545167040418892	-0.09055344609371921	0.34864600701435805	0.12987108975065376
TCGA-G3-A25T-01A	0.24653435456741313	0.07458413998168378	-0.47798516201327756	-0.41482878397066475	0.08958656776489629	-0.42360275171472955	0.44848250247779614	0.18780843737287853
TCGA-G3-A25U-01A	-0.6031286724769739	-0.4531418640382268	-0.4079729695468233	-0.6514864010115986	-0.3073985526123358	-0.5583481424810852	-0.42252630368535193	0.5757427458172472
TCGA-G3-A25V-01A	0.659061224299595	0.49039962054658376	0.6144689171314356	0.7046173308033609	0.46360439125247477	0.6687501852016049	0.23021819412740735	-0.09139027376970785
TCGA-G3-A25X-01A	0.5416289569943221	0.5433894991085364	0.4159467369516955	0.610536575689745	0.523161699023354	0.5275837596562781	0.6964295981141828	-0.0375443545827987
TCGA-G3-A25Y-01A	0.5023767478184619	0.2489453801226414	0.3441976529212465	0.2812182902791728	0.03561224680977909	0.03624117231241972	-0.29793595124462585	-0.08656534138979455
TCGA-G3-A25Z-01A	-0.20282524819471592	-0.6405099332003729	-0.6722918033623776	0.061123569662421884	-0.7131397471295853	-0.4820165560894204	-0.7852584373024978	0.18286252773243877
TCGA-G3-A3CG-01A	0.14779799092283272	-0.18292626418640098	0.4203574646617113	0.2843252048015795	0.005692599620446853	0.13554432256203425	-0.10860691082605278	-0.1722587188681665
TCGA-G3-A3CH-01A	0.38081429093365926	0.08467004773399556	-0.10036231642913246	-0.02972802024040644	0.4899660744063372	0.10833045679435784	0.5962743632495942	0.5330604034055108
TCGA-G3-A3CI-01A	0.34371649411540095	-0.24405860922251524	-0.5738428036797734	-0.07751135644879337	-0.4309479896556361	0.30250239143597935	0.5556258264819576	0.334419872654778
TCGA-G3-A3CJ-01A	-0.2959047551691081	-0.5154790524693365	-0.2823828236516962	0.07755678111764444	-0.3091180981816894	-0.24824508106419474	0.2257804864026739	-0.280482863695086
TCGA-G3-A3CK-01A	0.1110261225844319	0.3025197755281564	0.6834098393929329	0.3263075373983926	0.7179218274167475	0.4650509497765386	0.5540734778359102	0.46197974946867165
TCGA-G3-A5SI-01A	-0.5978192510757823	-0.7170754162996273	-0.6815499488933928	-0.6856419987344946	-0.5597598439387919	-0.6804229796224858	-0.9190478928307049	0.37448599734011406
TCGA-G3-A5SJ-01A	0.5713987348315264	0.5631017947425909	0.6628328253492782	0.23362990996263366	0.6127882237940087	0.5792806259030887	0.30443281780032855	-0.011271493472872762
TCGA-G3-A5SK-01A	0.11342842549589133	0.48670178941595393	0.5424693771923882	0.3980434131089574	0.6821344373526461	0.618686356585851	0.7886506065658794	0.264082638255738
TCGA-G3-A5SL-01A	-0.2759857945489417	-0.6332860274907768	-0.21491361082109567	-0.5536622588843384	-0.7333678339365415	-0.5166898057079347	-0.4923098171705469	0.3500114590478727
TCGA-G3-A5SM-01A	0.6176023902548347	0.1976192728190014	0.7046078485004612	0.7294577655110481	0.2924704301453247	0.6347282105639125	0.07732996032900963	-0.19881884152667745
TCGA-G3-A6UC-01A	-0.6618171815258799	-0.5375909045876976	-0.5707865283787674	-0.6305560347302291	-0.603367641802004	-0.5792314814177804	-0.07569469206985702	0.17617718532856658
TCGA-G3-A7M5-01A	-0.3910429578230628	0.28069469204667935	-0.20904438083117943	0.005228216493720794	-0.4430082173412442	-0.04038660683468202	0.4734663370321429	0.1662655283292029
TCGA-G3-A7M6-01A	0.21078172717504523	-0.18865055401788386	-0.13602361463728974	-0.5486722612621191	-0.13385935674971944	-0.4511742524635534	-0.5447127940618992	-0.06024229522473468
TCGA-G3-A7M7-01A	-0.3039480290569253	-0.7851672907880604	-0.6051887484888722	-0.5453395434417796	-0.7311914914346043	-0.6164465572004956	-0.35405048007817996	-0.31329384530773086
TCGA-G3-A7M8-01A	-0.1624111295170675	-0.3213680066740552	-0.7781736777333014	0.23798428049103537	-0.09083946467312123	-0.3858237481906426	-0.43017305812684525	0.27618239651908694
TCGA-G3-A7M9-01A	-0.18132694959490275	-0.6433551340618524	-0.6069757531965397	-0.8553274682300308	-0.550400117643753	-0.6193172920514295	-0.70074167768655	-0.2630334917559949
TCGA-G3-AAUZ-01A	0.44794076007493694	0.4147976581207107	0.011086608341747961	0.3830362558801186	0.28344684451146906	0.4600161086180775	0.6590007474271453	0.1442889496506075
TCGA-G3-AAV0-01A	-0.25158783529422674	0.26249522457190666	-0.14859968945899155	0.6380729968588389	0.05065838652171853	0.017302145729191976	0.2970735353303659	0.017111152252240747
TCGA-G3-AAV1-01A	-0.5331314678691713	-0.6088906780153305	-0.5925351040895681	-0.3240295176248371	-0.7121663720479026	-0.5717287431136088	-0.6265164146495797	-0.17568577836563232
TCGA-G3-AAV2-01A	-0.6335022482300577	-0.7587906781256596	-0.6120727226369947	-3.4500603765780236e-4	-0.7924213673732676	-0.6585936262271205	-0.3974192063874863	-0.11206327630360899
TCGA-G3-AAV3-01A	0.5271638817820647	0.7190151607424612	0.8067168899878511	0.7716060031050579	0.7992064861135735	0.7380233784925407	0.8999597539240127	0.525527749850872
TCGA-G3-AAV4-01A	-0.57285261909927	-0.4908563051397964	0.4563091596511173	-0.2118222660663272	0.06056740348492201	-0.44780873574970753	-0.27071548757455033	-0.23328100077702907
TCGA-G3-AAV5-01A	-0.4265328772814909	-0.3475356046054665	-0.5908474626976524	-0.19820596860436046	-0.5407394629404023	-0.5675225456324242	-0.23043753234050202	0.171796129701719
TCGA-G3-AAV6-01A	-0.2663829794034849	-0.6312158667155268	-0.6957271838523904	-0.6526364211368765	-0.6885600446622521	-0.6299697799422838	-0.43620996952795343	0.14916851471400558
TCGA-G3-AAV7-01A	0.1921057967421215	-0.21516282824775876	-0.2892264562353457	-0.3052280247554682	-0.48593933015675456	-0.11621217351291027	-0.8307365031911109	0.07348753670323624
TCGA-GJ-A3OU-01A	0.7613082795308355	0.7723763499877383	0.6981822975570269	0.8180093151631693	0.6803970855204409	0.7080386250738976	0.6928649456678309	-0.368523542533412
TCGA-GJ-A6C0-01A	0.25709682346202123	0.6950281083749724	0.432917361550368	0.6488988557299711	0.5554561667661234	0.43446264596852757	0.1480480653137638	0.44251842924172025
TCGA-GJ-A9DB-01A	0.13219052727048278	-0.20797004193308138	-0.37795587993385477	-0.0765913403485125	-0.3187986968277272	-0.38459174517797484	-0.7659978152131705	0.3486766321571604
TCGA-HP-A5MZ-01A	0.7117877621086862	0.34211482405523275	0.6430502041519969	0.634853987123963	0.2811799206486114	0.6594948515258172	0.6435347553613414	-0.04371564963807034
TCGA-HP-A5N0-01A	0.21489569885148035	-0.31880912379117554	0.23270667604996847	0.4130679815335774	-0.46282559944792645	-0.04809332470000571	0.5511987581210818	0.22492564398166748
TCGA-K7-A5RF-01A	0.6632855434680023	0.7217781356028905	0.664021392037145	0.5650048875856334	0.8369271462250963	0.652276238552231	0.6550336342206822	0.071545515765578
TCGA-K7-A5RG-01A	0.690828458495653	0.7369286984392441	0.9361665420667987	0.8939106434362767	0.9695819676844477	0.8442261865075268	0.9621686885528679	0.40892889403469546
TCGA-K7-A6G5-01A	0.5253369629367144	0.5165847441335436	0.6451372449211096	0.5732850324881479	0.7134149847622719	0.5673307805576994	0.5147473121370525	0.03007861739016121
TCGA-K7-AAU7-01A	0.4974903482820009	0.05049169014896299	-0.12229057106647867	0.030705537346858658	0.01897533206826202	0.21933607018027934	-0.6265164146496841	0.4095358444226044
TCGA-KR-A7K0-01A	0.17689495292698448	-0.38638977793934964	-0.27672666628343046	-0.05548399094893547	-0.3292507618882142	0.10810033367850543	-0.5386649801643726	0.21849095491004697
TCGA-KR-A7K2-01A	0.253844147816722	-0.2830697512932604	-0.19551006496460746	0.17886924939787663	-0.19291640781794495	-0.08163617535387489	0.04565054907145594	-0.42392483465269015
TCGA-KR-A7K7-01A	0.11452235589760967	0.5033657534384159	0.4404732535269149	0.5325728763461444	0.6046630073617147	0.5027273859936475	0.8099235324555998	-0.0572649471561516
TCGA-KR-A7K8-01A	0.5565477173510442	0.5828498226423204	0.7265052257015021	0.7501006267610005	0.6693406806960533	0.6482620860548842	0.8960501351118474	0.023980677439778275
TCGA-LG-A6GG-01A	-0.6571911662849732	-0.7510934294014432	-0.502736489854484	-0.516769317373069	-0.7135592579104326	-0.6460691447560348	-0.7449548669006023	0.09109206969925357
TCGA-LG-A9QC-01A	-0.4853602542416194	-0.27392670513796075	-0.6063050417502363	-0.2823857075248358	-0.10875245187944577	-0.6060860398250436	-0.6195020985454013	-0.4188142687236768
TCGA-LG-A9QD-01A	0.2665139255909384	-0.29630878735034694	0.2813608195970193	0.48163302555112375	0.5499191510625085	0.5288062204787191	0.12418789168066846	-0.25407992761205905
TCGA-MI-A75C-01A	-0.28593066158750147	0.04566105008915422	0.32335012289762055	0.3739709800430745	0.4036081125350631	0.2871253427175086	0.5083079399758866	0.17778843758305962
TCGA-MI-A75E-01A	0.6293244671114423	0.16566272805809845	0.2715327116093799	0.1830553121873081	0.12918146326179133	0.3770576833721917	0.5421721382165154	0.07139865425174663
TCGA-MI-A75G-01A	-0.565983072763062	-0.6424605765422081	-0.6979799535801231	-0.7604472169807616	-0.5554356590121663	-0.7503902923377673	-0.8917955499341274	-0.32470834970167356
TCGA-MI-A75H-01A	0.29570157054735746	0.26244680032440104	0.7163680458010506	0.6760172176085758	0.3179935974754806	0.6703375329725234	0.792905191743824	0.26498730157724437
TCGA-MI-A75I-01A	-0.3664251033861055	-0.02267440367864848	-0.10069584219908903	-0.46041055718451107	-0.44189147284123953	-0.229403206860036	-0.5468075476445174	0.22017755458919688
TCGA-MR-A520-01A	-0.23022951662550575	-0.3786405025693402	-0.4812151466075777	-0.3077453855440861	-0.4276628759769191	-0.5378241802641606	0.3994710515725286	0.23049151726451336
TCGA-MR-A8JO-01A	0.6134332754465328	0.5128627968910154	0.0023003047904026908	0.3687910275906823	0.1335245512002958	0.21041452347158998	0.6733168516069619	-0.2926272586628152
TCGA-NI-A4U2-01A	-0.36084224317402075	-0.5593307150579963	-0.38798052505538366	-0.36001585384872703	-0.4995214509988479	-0.4696395610382821	-0.682132954994018	0.03112087539862607
TCGA-NI-A8LF-01A	-0.17249505517830024	-0.44577460970822536	-0.34698823273511925	-0.5706781938465197	-0.6336035880624293	-0.27693300371709345	0.063243833726358	0.01782597476192399
TCGA-O8-A75V-01A	0.5707560571134347	0.6014659617282815	0.36224491124663155	0.8160215091240641	0.5016058622490348	0.5071247838399229	0.580808371183818	-0.10927157908077084
TCGA-PD-A5DF-01A	0.5158992332646362	-0.03640125483878481	-0.031388234677627025	0.2198263469610319	-0.45133662214953424	0.2096354032765465	-0.6236416949347452	0.5233797481184363
TCGA-QA-A7B7-01A	-0.494974119216411	0.008913681062716616	-0.4278131253916291	-0.772194637083417	0.08174354643381704	-0.40073633514235674	-0.4742751519062046	0.33225778324627636
TCGA-RC-A6M3-01A	0.003159794376985492	0.3767227852576965	-0.2542397967902497	-0.6515706981562712	0.46311840139900684	-0.09435047750552086	-0.0213879146782191	0.012899729221298784
TCGA-RC-A6M4-01A	-0.7066068415700549	-0.5456959928116953	-0.6302111420692074	-0.6060992082603089	-0.5266220264729612	-0.5834686139111094	-0.9714252860349186	0.29172290613813534
TCGA-RC-A6M5-01A	0.36060853383794655	-0.5182746621550776	-0.680320050825807	-0.3391398971446691	-0.6602286964295526	-0.6230688278004304	-0.06594607025801963	-0.4659723998504557
TCGA-RC-A6M6-01A	-0.14251969544515464	-0.02548773396896309	-0.08522629248395647	-0.2726305583249773	-0.6439759999889677	-0.45641828045070665	-0.6257689875237246	-0.18133110143468995
TCGA-RC-A7S9-01A	-0.3434171267024547	0.5311682872353962	0.4364813364137445	-0.1348439669123384	0.5159552038306223	0.1088480987893593	0.3403668142356585	0.3579073938152706
TCGA-RC-A7SB-01A	-0.36445494732107164	-0.11715442475222909	0.2098205160785176	-0.5535328077615693	-0.08827969591982435	-0.31281950724170626	-0.573449088713935	0.42506887623513817
TCGA-RC-A7SF-01A	-0.04711084726963957	0.3375711120148625	-0.018308684483105353	-0.6204358576271056	0.2599045483295582	-0.06405641745603882	0.39653031170230735	0.19456036846177588
TCGA-RC-A7SH-01A	-0.4336167477893475	-0.29783828215531905	-0.6930243257236481	-0.7938723603735414	-0.5703487448550699	-0.6347013973536958	-0.882251480480874	-0.5672393583044038
TCGA-RC-A7SK-01A	-0.5373518196639626	-0.5719405019655962	-0.650620312963856	-0.7195798415948436	-0.226393201660862	-0.7442017378193422	-0.669924682343525	-0.20627953692910486
TCGA-RG-A7D4-01A	0.47356299202571345	0.6285937547596342	0.7429577486122534	0.7192800874016022	0.7360128802255776	0.8147256678481575	0.9195653423791349	-0.5346881966861932
TCGA-T1-A6J8-01A	-0.18034791163640734	-0.5600753580189153	-0.7537097937777638	0.022022885400449055	-0.5489980414114244	-0.4628433652704336	-0.4139596389351297	-0.21549096358762684
TCGA-UB-A7MA-01A	-0.16065716200556046	-0.5046721216715322	-0.5752811849727217	-0.6920246104303132	-0.6033188322126166	-0.29534404606815023	-0.4254585177944147	0.24628088072284884
TCGA-UB-A7MB-01A	-0.6458940575135438	-0.7847489792402955	-0.4923391383455413	-0.9420964866877308	-0.7852912425961656	-0.6945735641147854	-0.5190593917092379	0.6392536198508664
TCGA-UB-A7MC-01A	-0.6761744039112872	-0.568037468451009	-0.5359341668925605	-0.7367028923000306	-0.3920226040813472	-0.7124672203976095	-0.8844362674641478	0.32462514075612825
TCGA-UB-A7MD-01A	0.4702324768544117	0.3939899682242509	0.2785948007380262	0.39416939796446393	0.44528347332521623	0.5130716163976602	-0.08514919795297521	0.3341909311631651
TCGA-UB-A7ME-01A	0.6129299866698458	0.6706865125846189	0.6753353699779769	0.5180265654649284	0.7093265032385317	0.5991937817482247	0.6089806243891507	-0.14341290631977077
TCGA-UB-A7MF-01A	0.4840753547688751	0.8160243565683223	0.9303007648513116	0.8943706514864835	0.9457765510896687	0.890731861570882	0.9106537112631522	0.3405734471069445
TCGA-UB-AA0U-01A	0.5687040460108508	0.09937316694463652	0.27284392096492466	0.3014394451680593	0.14431947205589582	0.15497064383646145	-0.11999080089667197	0.5334172240196516
TCGA-UB-AA0V-01A	0.48208228435201	0.5117214738423789	-0.07947553050782552	0.16715542521989843	0.5176960617302401	0.25054654240014	0.15943195538447702	-0.11538825738694963
TCGA-WJ-A86L-01A	-0.5814375957163668	-0.18033847614481793	-0.329093851042807	-0.8162267839681194	-0.6177751097748037	-0.5327018692447456	-0.5562007704249767	0.19281663601408383
TCGA-WQ-A9G7-01A	-0.12720602477245047	-0.6080670126865894	-0.666122704393381	-0.7644183773210509	-0.6694267149670536	-0.4917863362287882	-0.8725349278447486	-0.062802677759759
TCGA-WQ-AB4B-01A	0.28103670757921084	-0.34533920668490803	-0.4737609794891681	0.44827784486225797	-0.4781806834861062	0.006500978023202625	-0.15079198157501983	0.061542513994030934
TCGA-WX-AA44-01A	0.23269450057831734	-0.1314363727617684	-0.3256979297690059	-0.591717598728311	-0.612845724799898	0.09843883718912208	-0.7028097186372497	0.1601428688182916
TCGA-WX-AA46-01A	0.011589372627961989	0.06326343356623543	-0.5488470375142858	0.2520425447676065	0.1801706382890678	0.3070361687072818	0.008509170356060025	0.18177236742734765
TCGA-WX-AA47-01A	-0.5571151891934896	-0.7723226987741826	-0.8090588102242444	-0.8444811285744652	-0.8175799525271793	-0.7277868735896984	-0.896740067843625	-0.3798097990415838
TCGA-XR-A8TC-01A	-0.4659385909842063	-0.35598045672132317	-0.6038034364376446	-0.7260077051343667	-0.2874874962804554	-0.7262225779690916	-0.8578163629048424	0.09991802255277579
TCGA-XR-A8TD-01A	0.693773050417271	0.7534513583240977	0.8346655931910268	0.7816843801251224	0.8278994882411089	0.8634511880297636	0.9369286494566833	0.4121143485469303
TCGA-XR-A8TE-01A	0.08737715937848789	-0.33185219723638437	0.09828052216920452	-0.1467703371000566	0.27222540570701015	-0.29843535220073664	-0.6013913643419645	-0.46500061327257125
TCGA-XR-A8TF-01A	-0.4940844160083369	-0.010466386796267935	-0.09770544597171466	-0.2934422973030103	0.07630383531707052	-0.4249089120855468	-0.013166216293730049	0.3712156245246863
TCGA-XR-A8TG-01A	0.26304277225628153	-0.4507982676932599	-0.3750504838755111	-0.4947004232887527	-0.4657516009842342	0.32649286926467297	-0.32409590064953275	0.649359527731222
TCGA-YA-A8S7-01A	0.45226631635460035	0.4754481027780739	0.10610189729744356	0.7095777674711335	-0.18360071301254005	0.3588272545978166	0.26890839175756387	0.09044678448266322
TCGA-ZP-A9CV-01A	0.5069544053835867	0.18194984979550394	0.29516774441990856	0.6784543729515327	0.701143493105717	0.5557878839279325	0.7572011728856839	-0.21904042007388902
TCGA-ZP-A9CY-01A	0.35744327880043886	-0.037509445180344964	0.5077165870014722	0.14018745328038812	0.46499998841031553	-0.17330669676184454	-0.27723796929787586	0.05865695698209933
TCGA-ZP-A9CZ-01A	0.5533168836229483	0.63931220886763	0.6208176748157674	0.7196414581992407	0.5751994817841505	0.623384413670487	0.669407232794812	0.23893554182880272
TCGA-ZP-A9D0-01A	-0.40653052597640194	-0.3631158614633221	-0.5786729416528817	-0.3332073592431868	-0.5234156127634404	-0.46564274741533235	-0.6749841890416535	-0.49599974493266424
TCGA-ZP-A9D1-01A	0.39322795936249505	-0.49476315071656857	-0.05277792908626058	0.10101672496756611	-0.2955543315035887	0.020353474791672183	0.20146035761522568	-0.37285618582638574
TCGA-ZP-A9D2-01A	0.21655282442882678	-0.05472095452020992	0.1617700107908233	-0.49841872232756024	0.15918530701698347	-0.4619312703967238	-0.776691772552352	0.26373418475655264
TCGA-ZP-A9D4-01A	-0.5816817777834897	-0.5220415358009832	-0.1007485342309796	-0.8127178633213112	-0.6052510898085763	-0.197316273762676	-0.7757718622435807	0.3554043839491896
TCGA-ZS-A9CD-01A	0.4930228892632956	-0.5959248188668839	-0.007706021047828415	0.3909506371757331	-0.5643531208159216	0.16590746914167268	-0.5753914951506516	-0.4076416291970926
TCGA-ZS-A9CE-01A	-0.6687610650738747	-0.27135162075649105	-0.7885629019376661	-0.7286696386927483	-0.6519559019065406	-0.6378265725660702	-0.9734375898353069	0.23681788911856505
TCGA-ZS-A9CF-01A	-0.2347312244052426	0.010470167555472643	0.3811613269177119	-0.14841007255105704	0.0011822174383644968	0.28154741654714577	0.22233082274487947	0.5544616457296063
TCGA-ZS-A9CG-01A	-0.3048682669921228	-0.31745893156582794	0.09153398905017524	-0.5496745963313854	-0.5570661614525065	-0.19741895372601104	-0.1258273786432509	0.27307408167099945
